Name,samAccountName,Password
Alec Dozac,a.dozac,PU9&Zcue
Jane Wright,j.wright,H5n9?+#n
Sandra Wilhelm,s.wilhelm,-uPjA+3F
Amanda Jeel,a.jeel,x4j*N2N*
Jennifer Bowler,j.bowler,*GQZf2&U
Scott Harlem,s.harlem,L8sn*Zhx
Andrea Thompson,a.thompson,W4PA5q$g
Josh Bile,j.bile,#6AWVBhh
Shannon Bott,s.bott,CQmA_5z?
Ben Cakely,b.cakely,7E@4y3-m
Karen Holmes,k.holmes,&G6sWz-Z
Simon Smith,s.smith,C9=*kV@d
Brad Wells ,b.wells,wc&5*BRX
Lisa Delrose,l.delrose,hHv&Y8R$
Steven Jobs,s.jobs,xDE?wG2S
Chuck Wheeler,c.wheeler,8e^dDY#^
Michael Haynes,m.haynes,7RmcDv#c
Susan Taylor,s.taylor,AJg@q3gY
Crystal Licht,c.licht,eZCm&8%D
Nate Kevans,n.kevans,R9g$9YM4
Ted Fritz,t.fritz,v+Ch6!YJ
Daniel Brady,d.brady,K2eJJw&u
Patricia Emerson,p.emerson,#tYW6RC3
Frank Castle,f.castle,$F-P3Rn_
Paulina Luther,p.luther2,q5&g=Fne
Holly Peterson,h.peterson,Z+64%e=m
Piotre Luther,p.luther,J$Y8Uu+q
James Hoyt,j.hoyt,A&5At%Wr
Ronald Variable,r.variable,37=6gbJE